#_name,other_name,ra,dec,diameter,ebv,ebv_error,ejh_ejk,distance_modulus,distance_modulus_error,distance,distance_error,age,age_error,url,l,b
SAI 1,,2.085,51.7208,4.0,0.34,0.14,1.12,11.68,0.06,2170.0,60.0,9.1,0.1,http://ocl.sai.msu.ru/catalog/sai_1/,116.16591325799021,-10.583870575066157
King 13,,2.57,61.1775,10.0,0.56,0.04,,12.36,0.27,2960.0,400.0,8.85,0.05,http://ocl.sai.msu.ru/catalog/king_13/,117.99062073846729,-1.2987581804860573
SAI 2,,3.1183,76.235,5.0,0.81,0.27,0.74,12.45,0.26,3090.0,400.0,7.7,-inf,http://ocl.sai.msu.ru/catalog/sai_2/,120.55860527878673,13.543122752976174
SAI 3,FSR 480,3.7067,61.4767,6.0,0.68,0.02,0.55,14.18,0.05,6900.0,160.0,9.2,0.05,http://ocl.sai.msu.ru/catalog/sai_3/,118.57491309905608,-1.0849460501006156
SAI 4,,5.9167,62.7039,4.0,0.27,0.18,0.32,11.02,0.36,1600.0,290.0,8.7,-inf,http://ocl.sai.msu.ru/catalog/sai_4/,119.75420023170177,0.0036235160906968006
SAI 5,FSR 494,6.4075,63.7611,4.0,0.6,0.08,0.62,12.7,0.07,3500.0,120.0,9.1,0.05,http://ocl.sai.msu.ru/catalog/sai_5/,120.08379954230494,1.0321611180433596
SAI 6,,6.9692,60.6892,5.0,0.89,0.09,0.59,12.17,0.01,2700.0,50.0,8.5,-inf,http://ocl.sai.msu.ru/catalog/sai_6/,120.05037584362925,-2.0506577476493564
SAI 7,FSR 503,7.2971,68.9364,7.0,0.82,0.12,0.46,11.88,0.38,2400.0,450.0,9.4,0.05,http://ocl.sai.msu.ru/catalog/sai_7/,120.9239527459225,6.1514418592359466
NGC 136,,7.8858,61.5083,4.0,0.7,0.09,,13.59,0.14,5220.0,350.0,8.4,0.05,http://ocl.sai.msu.ru/catalog/ngc_136/,120.56104267884449,-1.2718305900888276
SAI 8,FSR 505,10.0367,61.5675,3.0,0.3,0.11,0.84,14.28,0.2,7200.0,700.0,9.15,0.1,http://ocl.sai.msu.ru/catalog/sai_8/,121.58802331573773,-1.2747812323540593
SAI 9,FSR 508,10.4663,64.9808,4.0,0.66,0.17,0.42,14.42,0.2,7700.0,700.0,9.1,0.1,http://ocl.sai.msu.ru/catalog/sai_9/,121.91934117688328,2.1278748380004533
SAI 10,,10.7633,41.6225,3.0,,,,,,,,,,http://ocl.sai.msu.ru/catalog/sai_10/,121.25109438542968,-21.221881658816788
SAI 11,FSR 524,14.3017,62.105,8.0,0.51,0.13,0.71,10.7,0.29,1380.0,200.0,9.1,0.05,http://ocl.sai.msu.ru/catalog/sai_11/,123.6066763223806,-0.7591893471244946
SAI 12,,16.1004,45.6069,4.0,1.13,0.3,0.72,12.06,0.02,2600.0,50.0,8.15,-inf,http://ocl.sai.msu.ru/catalog/sai_12/,125.30482227187201,-17.20511093157818
SAI 13,FSR 536,19.9067,63.0556,8.0,1.27,0.23,0.66,12.38,0.17,3000.0,250.0,8.2,-inf,http://ocl.sai.msu.ru/catalog/sai_13/,126.11886235401909,0.3584119480913652
SAI 14,,21.5012,62.6258,4.0,0.55,0.03,0.51,14.05,0.03,6460.0,90.0,9.1,0.05,http://ocl.sai.msu.ru/catalog/sai_14/,126.89349670361106,0.020234519245034308
SAI 15,,27.4692,53.9094,2.0,,,,,,,,,,http://ocl.sai.msu.ru/catalog/sai_15/,131.56085950707504,-7.980389186604443
SAI 16,,31.3733,62.265,5.0,0.7,0.01,0.52,14.42,0.2,7700.0,740.0,9.15,0.05,http://ocl.sai.msu.ru/catalog/sai_16/,131.4304120035751,0.6214276345685886
SAI 17,,35.2013,59.185,2.0,0.98,0.17,0.63,12.88,0.1,3800.0,150.0,8.9,0.05,http://ocl.sai.msu.ru/catalog/sai_17/,134.16596959366063,-1.7235623754022982
SAI 18,,35.4829,61.1225,3.0,,,,,,,,,,http://ocl.sai.msu.ru/catalog/sai_18/,133.63817962277048,0.14594108827726332
SAI 19,,36.6329,61.9925,6.0,,,,,,,,,,http://ocl.sai.msu.ru/catalog/sai_19/,133.84611767627104,1.152713660304891
SAI 20,FSR 584,36.77,61.6278,6.0,,,,,,,,,,http://ocl.sai.msu.ru/catalog/sai_20/,134.0377940884678,0.8357408232283456
SAI 21,,38.6892,62.5728,3.0,0.58,0.01,0.51,11.35,0.1,1860.0,90.0,8.5,-inf,http://ocl.sai.msu.ru/catalog/sai_21/,134.51684368749264,2.0481339203591844
SAI 22,,42.2421,60.7428,5.0,,,,,,,,,,http://ocl.sai.msu.ru/catalog/sai_22/,136.80861377727894,1.0774590160703856
SAI 23,,43.5208,60.6644,2.0,,,,,,,,,,http://ocl.sai.msu.ru/catalog/sai_23/,137.40386564366392,1.285940317515777
SAI 24,,44.8558,60.5661,6.0,,,,,,,,,,http://ocl.sai.msu.ru/catalog/sai_24/,138.03018671902834,1.50201449840556
SAI 25,,45.1112,57.2672,7.0,0.84,0.13,0.47,11.8,0.09,2290.0,100.0,9.15,0.05,http://ocl.sai.msu.ru/catalog/sai_25/,139.70787648873426,-1.341578978602823
SAI 26,,47.3783,56.7906,3.0,1.47,0.29,0.66,11.79,0.51,2280.0,600.0,8.2,-inf,http://ocl.sai.msu.ru/catalog/sai_26/,141.01719572006462,-1.1526984554543167
SAI 27,,47.8413,68.9003,5.0,0.62,0.04,0.57,10.48,0.28,1250.0,170.0,9.25,0.1,http://ocl.sai.msu.ru/catalog/sai_27/,135.00644600631628,9.375691006777835
SAI 28,,54.8196,55.9733,3.0,,,,,,,,,,http://ocl.sai.msu.ru/catalog/sai_28/,144.90388394562441,0.4341295637804682
SAI 29,FSR 634,55.0896,59.4144,5.0,0.84,0.01,0.53,12.24,0.07,2800.0,90.0,9.0,0.05,http://ocl.sai.msu.ru/catalog/sai_29/,142.96410375679423,3.280868154620351
SAI 30,,55.0925,82.2333,3.0,1.25,0.44,0.82,12.46,0.05,3100.0,80.0,8.0,-inf,http://ocl.sai.msu.ru/catalog/sai_30/,128.5255988179912,21.269108045071874
SAI 31,,57.8142,58.7689,6.0,0.16,0.22,0.23,12.12,0.02,2650.0,30.0,9.6,0.05,http://ocl.sai.msu.ru/catalog/sai_31/,144.46733452971975,3.63218297615926
SAI 32,FSR 655,59.0492,53.8692,1.0,,,,,,,,,,http://ocl.sai.msu.ru/catalog/sai_32/,148.11449723901544,0.2868197299315881
SAI 33,Juchert 19,60.5842,52.4442,2.0,0.28,0.01,0.56,10.64,0.02,1340.0,50.0,9.3,-inf,http://ocl.sai.msu.ru/catalog/sai_33/,149.74041298470954,-0.19683502620630355
SAI 34,FSR 660,60.6575,51.9306,5.0,1.2,0.12,0.58,13.78,0.03,5700.0,80.0,9.1,0.05,http://ocl.sai.msu.ru/catalog/sai_34/,150.11264593304296,-0.5535609687720722
SAI 35,Juchert 20,62.6958,46.8669,5.0,0.7,0.18,0.71,11.92,0.02,2420.0,20.0,8.55,-inf,http://ocl.sai.msu.ru/catalog/sai_35/,154.49365391360917,-3.422121455138139
SAI 36,,64.21,41.0667,3.0,0.55,0.05,0.6,12.36,0.19,3000.0,270.0,9.1,0.05,http://ocl.sai.msu.ru/catalog/sai_36/,159.3070136834018,-6.864669601685489
SAI 37,FSR 687,69.8629,48.2064,4.0,0.77,0.03,0.57,14.3,0.04,7200.0,130.0,9.15,0.05,http://ocl.sai.msu.ru/catalog/sai_37/,156.92089396075508,0.9709749616551515
SAI 38,FSR 699,74.0233,47.3903,2.0,,,,,,,,,,http://ocl.sai.msu.ru/catalog/sai_38/,159.34875821393481,2.5789155903269023
SAI 39,FSR 696,74.6317,47.9842,1.0,,,,,,,,,,http://ocl.sai.msu.ru/catalog/sai_39/,159.13830223200043,3.2690414067581925
SAI 40,,75.2371,41.2339,8.0,0.35,0.12,0.78,13.29,0.05,4550.0,100.0,8.75,0.05,http://ocl.sai.msu.ru/catalog/sai_40/,164.71735607002788,-0.5590955580179179
SAI 41,,76.7725,38.4181,2.0,0.51,0.18,0.39,13.58,0.23,5200.0,580.0,9.3,0.05,http://ocl.sai.msu.ru/catalog/sai_41/,167.67034801830053,-1.3341057143185524
SAI 42,Juchert 23,76.9154,17.6,8.0,0.62,0.18,0.77,11.67,0.09,2160.0,90.0,8.7,0.05,http://ocl.sai.msu.ru/catalog/sai_42/,184.74912236292965,-13.489226024321612
SAI 43,,77.0692,49.8689,2.0,0.18,0.03,0.45,12.92,0.07,3840.0,130.0,8.95,0.05,http://ocl.sai.msu.ru/catalog/sai_43/,158.6082987597444,5.684902433626781
SAI 44,FSR 716,77.7808,45.7192,5.0,0.24,0.01,0.55,12.64,0.06,3400.0,70.0,8.95,0.05,http://ocl.sai.msu.ru/catalog/sai_44/,162.24946773682882,3.61642169655992
SAI 45,Patchick 3,79.1458,45.5822,6.0,0.25,0.02,0.5,10.55,0.17,1290.0,100.0,9.2,0.05,http://ocl.sai.msu.ru/catalog/sai_45/,162.91866951451237,4.311773353432976
SAI 46,,79.9042,36.5089,3.0,0.78,0.01,0.62,13.16,0.12,4290.0,240.0,9.45,0.05,http://ocl.sai.msu.ru/catalog/sai_46/,170.67492414485469,-0.44148870087609804
SAI 47,,80.9917,42.3144,3.0,0.6,0.01,0.54,12.93,0.05,3860.0,90.0,8.5,0.05,http://ocl.sai.msu.ru/catalog/sai_47/,166.37003852204376,3.54561472504868
Berkeley 19,,81.0117,29.5711,5.0,0.61,0.05,0.72,12.38,0.4,3000.0,600.0,9.25,0.05,http://ocl.sai.msu.ru/catalog/berkeley_19/,176.9189390046115,-3.613826913456002
SAI 48,,81.07,33.5006,4.0,0.31,0.07,0.45,11.3,0.2,1800.0,180.0,9.35,0.05,http://ocl.sai.msu.ru/catalog/sai_48/,173.69365072628696,-1.3639565399836662
SAI 49,,81.6038,50.7842,6.0,0.47,0.01,0.54,12.17,0.17,2720.0,220.0,9.05,0.05,http://ocl.sai.msu.ru/catalog/sai_49/,159.50952089413502,8.585835213295656
Czernik 21,,81.6708,36.0136,6.0,0.72,0.02,0.56,11.82,0.2,2300.0,200.0,9.55,0.05,http://ocl.sai.msu.ru/catalog/czernik_21/,171.88893267615123,0.45323588379958163
Stock 8,,82.0367,34.4314,8.0,1.21,0.04,0.57,9.84,0.2,900.0,110.0,7.5,-inf,http://ocl.sai.msu.ru/catalog/stock_8/,173.36984932886742,-0.17891182279173962
Kronberger 1,,82.0917,34.7733,5.0,0.43,0.1,0.72,9.6,0.3,800.0,100.0,8.1,0.05,http://ocl.sai.msu.ru/catalog/kronberger_1/,173.11049910511645,0.04842650521000709
SAI 50,,82.1621,35.0219,3.0,0.6,0.3,0.42,16.7,0.5,21900.0,5700.0,9.7,0.2,http://ocl.sai.msu.ru/catalog/sai_50/,172.9355762564913,0.23427081765216032
SAI 51,Teutsch 133,82.5079,33.4253,3.0,0.62,0.18,0.42,9.54,0.2,810.0,80.0,9.3,-inf,http://ocl.sai.msu.ru/catalog/sai_51/,174.42432171382598,-0.4095747164401635
NGC 1931,,82.8579,34.2139,6.0,1.97,0.2,0.84,10.06,0.2,1000.0,120.0,7.0,-inf,http://ocl.sai.msu.ru/catalog/ngc_1931/,173.92537290254415,0.26680677317457024
Koposov 36,,84.2108,31.2108,9.0,0.83,0.11,0.63,11.16,0.16,1700.0,150.0,8.35,-inf,http://ocl.sai.msu.ru/catalog/koposov_36/,177.06530374925995,-0.40748462246405454
SAI 52,FSR 812,84.5379,31.7378,3.0,,,,,,,,,,http://ocl.sai.msu.ru/catalog/sai_52/,176.77006779726753,0.11058088300574917
Koposov 27,Teutsch 1,84.875,33.35,3.0,0.45,0.1,0.69,12.8,0.5,3700.0,900.0,8.65,-inf,http://ocl.sai.msu.ru/catalog/koposov_27/,175.55805268415747,1.2111210131116268
Koposov 7,FSR 784,85.1838,35.9236,6.0,3.75,0.37,0.7,13.39,0.35,4760.0,830.0,8.2,0.05,http://ocl.sai.msu.ru/catalog/koposov_7/,173.50961250471133,2.7913805447970916
Berkeley 71,,85.2362,32.2758,3.0,0.91,0.05,0.58,11.94,0.18,2450.0,110.0,8.8,0.05,http://ocl.sai.msu.ru/catalog/berkeley_71/,176.6297542852085,0.8982295792299527
SAI 53,FSR 874,85.2429,20.355,3.0,,,,,,,,,,http://ocl.sai.msu.ru/catalog/sai_53/,186.7704232861256,-5.389395162767346
SAI 54,FSR 855,85.5933,22.8344,3.0,,,,,,,,,,http://ocl.sai.msu.ru/catalog/sai_54/,184.822675309045,-3.813169905604455
SAI 55,FSR 826,85.7133,28.9453,3.0,,,,,,,,,,http://ocl.sai.msu.ru/catalog/sai_55/,179.6753271308751,-0.5109535842221445
Koposov 77,,85.9679,21.7103,5.0,0.57,0.01,0.55,11.23,0.02,1750.0,50.0,9.65,0.1,http://ocl.sai.msu.ru/catalog/koposov_77/,185.96505295237014,-4.104648265536958
Koposov 49,Teutsch 10,86.0925,28.8203,6.0,0.42,0.05,0.94,11.46,0.22,2000.0,200.0,9.15,-inf,http://ocl.sai.msu.ru/catalog/koposov_49/,179.9559492499658,-0.29387131722408666
Koposov 10,FSR 795,86.8692,35.4322,4.0,0.81,0.25,0.79,11.54,0.3,2000.0,300.0,8.6,-inf,http://ocl.sai.msu.ru/catalog/koposov_10/,174.6447456144293,3.7031766020137966
King 8,,87.3292,33.6272,4.0,0.44,0.04,0.5,12.47,0.13,3100.0,200.0,9.05,0.05,http://ocl.sai.msu.ru/catalog/king_8/,176.39121482569902,3.101324779724054
Czernik 23,,87.515,28.8947,5.0,0.38,0.02,0.53,12.0,0.04,2500.0,70.0,8.45,0.05,http://ocl.sai.msu.ru/catalog/czernik_23/,180.5378951925875,0.8102276472651915
Berkeley 72,,87.5733,22.2497,8.0,0.43,0.01,0.57,12.72,0.2,3500.0,300.0,8.65,0.05,http://ocl.sai.msu.ru/catalog/berkeley_72/,186.27175132734345,-2.551127620434493
Koposov 58,FSR 849,87.7958,25.7781,2.0,,,,,,,,,,http://ocl.sai.msu.ru/catalog/koposov_58/,183.3424375282833,-0.5719253406816185
Koposov 43,FSR 848,88.0608,29.9192,8.0,0.38,0.1,0.44,12.21,0.09,2800.0,120.0,9.3,0.1,http://ocl.sai.msu.ru/catalog/koposov_43/,179.90003095974458,1.7424323286841812
SAI 56,FSR 852,88.3775,25.1781,8.0,0.43,0.07,0.47,11.82,0.04,2310.0,50.0,8.9,0.05,http://ocl.sai.msu.ru/catalog/sai_56/,184.12626383860186,-0.42557109965450723
Koposov 52,Teutsch 5,88.4537,26.8406,5.0,1.03,0.04,0.58,12.32,0.11,2900.0,140.0,8.95,0.1,http://ocl.sai.msu.ru/catalog/koposov_52/,182.7281247526993,0.4765616114177904
Czernik 24,,88.8525,20.8864,6.0,0.26,0.12,0.39,13.32,0.01,4600.0,10.0,9.4,0.05,http://ocl.sai.msu.ru/catalog/czernik_24/,188.05159927295745,-2.2174516372938946
Koposov 12,FSR 802,90.2342,35.2767,9.0,0.3,0.03,0.51,11.55,0.03,2050.0,50.0,8.9,0.1,http://ocl.sai.msu.ru/catalog/koposov_12/,176.1596948969464,6.00037702001159
SAI 57,FSR 932,91.0896,14.5728,5.0,0.39,0.07,0.43,10.18,0.1,1090.0,50.0,8.9,0.1,http://ocl.sai.msu.ru/catalog/sai_57/,194.59918660049192,-3.495523444732306
SAI 58,FSR 921,91.2892,16.6842,5.0,1.33,0.33,0.7,11.8,0.2,2290.0,220.0,8.5,0.05,http://ocl.sai.msu.ru/catalog/sai_58/,192.8480953510914,-2.296951661048246
SAI 59,FSR 942,91.4967,13.6644,8.0,0.59,0.01,0.53,11.51,0.25,2000.0,240.0,9.0,0.05,http://ocl.sai.msu.ru/catalog/sai_59/,195.58677707451758,-3.592725754479846
SAI 60,Teutsch 58,91.6608,15.9475,4.0,0.9,0.01,0.54,14.5,0.05,7940.0,190.0,9.05,0.05,http://ocl.sai.msu.ru/catalog/sai_60/,193.66586059515546,-2.3445926090967437
SAI 61,FSR 904,91.73,19.0072,8.0,0.14,0.16,0.22,10.51,0.02,1260.0,20.0,8.8,0.05,http://ocl.sai.msu.ru/catalog/sai_61/,191.0242635915735,-0.7974160840859809
NGC 2158,,91.8658,24.0981,15.0,0.34,0.03,0.57,12.58,0.2,3300.0,300.0,9.3,0.1,http://ocl.sai.msu.ru/catalog/ngc_2158/,186.6379705818792,1.7907014837845274
Koposov 53,,92.2342,26.2636,3.0,0.34,0.04,0.61,12.52,0.03,3200.0,100.0,8.5,-inf,http://ocl.sai.msu.ru/catalog/koposov_53/,184.90284813038724,3.1306848344695557
DC 8,,92.3388,31.2317,2.0,0.72,0.06,0.73,11.62,0.4,2100.0,300.0,9.0,0.05,http://ocl.sai.msu.ru/catalog/dc_8/,180.57445903892716,5.593777425871455
Koposov 63,FSR 869,92.5071,24.5606,5.0,0.26,0.04,0.4,12.32,0.28,3000.0,350.0,9.15,0.1,http://ocl.sai.msu.ru/catalog/koposov_63/,186.51576538987547,2.5258559690730866
Pismis 27,,92.7242,20.6072,4.0,0.68,0.06,0.6,10.04,0.02,1000.0,10.0,7.7,-inf,http://ocl.sai.msu.ru/catalog/pismis_27/,190.0779627717268,0.7961425797542395
SAI 62,FSR 985,92.9542,7.0228,3.0,0.55,0.02,0.56,12.1,0.09,2630.0,110.0,8.6,-inf,http://ocl.sai.msu.ru/catalog/sai_62/,202.1230617784059,-5.520188379484618
Koposov 82,Teutsch 136,92.9825,20.6706,4.0,,,,,,,,,,http://ocl.sai.msu.ru/catalog/koposov_82/,190.1387344159986,1.0385410680980744
SAI 63,FSR 987,93.4354,6.9494,4.0,0.37,0.13,0.4,11.4,0.09,1910.0,80.0,8.65,0.05,http://ocl.sai.msu.ru/catalog/sai_63/,202.41482926593304,-5.134026116980391
Koposov 62,,94.5083,24.7106,6.0,0.34,0.02,0.57,12.21,0.05,2800.0,60.0,9.4,0.1,http://ocl.sai.msu.ru/catalog/koposov_62/,187.25021788232357,4.197333515801541
SAI 64,FSR 948,96.4829,15.8608,4.0,0.08,0.13,0.2,11.84,0.17,2330.0,190.0,9.0,0.05,http://ocl.sai.msu.ru/catalog/sai_64/,195.9495831313169,1.6927407968876973
Koposov 41,FSR 839,97.7417,30.2614,4.0,,,,,,,,,,http://ocl.sai.msu.ru/catalog/koposov_41/,183.58812408221357,9.27767462108973
SAI 65,FSR 979,97.8175,11.0772,3.0,1.17,0.17,0.63,11.65,0.05,2140.0,50.0,8.45,0.05,http://ocl.sai.msu.ru/catalog/sai_65/,200.7899479782563,0.6216119790839292
SAI 66,FSR 1063,98.6579,-0.2669,5.0,0.58,0.01,0.54,11.47,0.14,1970.0,130.0,8.6,-inf,http://ocl.sai.msu.ru/catalog/sai_66/,211.25129400438496,-3.8605853586276995
SAI 67,Teutsch59,100.9542,-0.8833,6.0,0.57,0.14,0.69,12.34,0.04,2940.0,50.0,8.9,-inf,http://ocl.sai.msu.ru/catalog/sai_67/,212.84945268776661,-2.0983842479918047
SAI 68,Patchick 90,101.1779,-0.5394,3.0,0.41,0.09,0.43,14.0,0.2,6310.0,610.0,8.95,0.05,http://ocl.sai.msu.ru/catalog/sai_68/,212.64521569473985,-1.7425257545814223
SAI 69,,101.3658,-11.7944,3.0,0.35,0.07,0.44,14.27,0.1,7140.0,340.0,9.1,0.05,http://ocl.sai.msu.ru/catalog/sai_69/,222.80315610942625,-6.656257962112787
SAI 70,FSR 1125,102.6108,-5.4356,4.0,0.39,0.01,0.52,13.99,0.09,6280.0,270.0,9.1,-inf,http://ocl.sai.msu.ru/catalog/sai_70/,217.66000037232203,-2.6961487836113966
SAI 71,FSR 1085,103.2967,-0.1919,4.0,0.08,0.09,0.25,10.62,0.19,1330.0,120.0,8.6,-inf,http://ocl.sai.msu.ru/catalog/sai_71/,213.30208450000487,0.3016147605742769
SAI 72,,103.9517,0.2269,5.0,0.82,0.06,0.56,12.49,0.05,3150.0,70.0,8.5,0.2,http://ocl.sai.msu.ru/catalog/sai_72/,213.22804251058915,1.075523766036008
SAI 73,FSR 1171,105.0546,-10.3206,2.0,0.65,0.07,0.6,13.07,0.29,4110.0,590.0,9.5,0.05,http://ocl.sai.msu.ru/catalog/sai_73/,223.1173665501976,-2.760132523696302
SAI 74,FSR 1150,106.1525,-6.6106,3.0,0.94,0.06,0.67,13.6,0.26,5250.0,670.0,8.3,-inf,http://ocl.sai.msu.ru/catalog/sai_74/,220.3134094496225,-0.09798068968779233
SAI 75,Patchick 79,108.8438,-7.4222,4.0,0.23,0.03,0.75,12.24,0.24,2800.0,330.0,8.6,-inf,http://ocl.sai.msu.ru/catalog/sai_75/,222.26644082113313,1.8971540792025698
SAI 76,FSR 1253,111.5725,-18.4319,6.0,0.62,0.01,0.53,12.11,0.24,2640.0,310.0,8.4,0.05,http://ocl.sai.msu.ru/catalog/sai_76/,233.2341040222168,-0.9321126654639035
SAI 77,FSR 1275,112.0258,-21.7961,4.0,0.6,0.1,0.65,12.87,0.12,3750.0,210.0,9.4,0.05,http://ocl.sai.msu.ru/catalog/sai_77/,236.39669312261458,-2.1587499171934637
SAI 78,Teutsch 61,113.6658,-19.7897,3.0,0.55,0.02,0.51,11.42,0.1,1920.0,90.0,6.95,0.05,http://ocl.sai.msu.ru/catalog/sai_78/,235.37508577581727,0.15051772347573492
ESO 368-11,FSR 1353,116.0925,-34.6186,6.0,0.06,0.1,0.19,10.86,0.41,1490.0,310.0,9.0,0.05,http://ocl.sai.msu.ru/catalog/eso_368-11/,249.37313048838308,-5.243594122522393
SAI 79,FSR 1347,117.0142,-33.7097,6.0,1.09,0.15,0.62,11.95,0.07,2450.0,80.0,8.7,-inf,http://ocl.sai.msu.ru/catalog/sai_79/,248.962424168917,-4.129976503744909
SAI 80,Teutsch 25,117.1112,-27.9142,5.0,0.57,0.12,0.67,11.48,0.16,1980.0,150.0,9.0,-inf,http://ocl.sai.msu.ru/catalog/sai_80/,243.99242652976622,-1.1380358296984157
SAI 81,,118.03,-28.1225,7.0,0.4,0.02,0.76,12.21,0.19,2770.0,250.0,8.7,-inf,http://ocl.sai.msu.ru/catalog/sai_81/,244.58448721187787,-0.5457239156561491
SAI 82,,118.06,-33.0408,3.0,0.39,0.07,0.46,10.3,0.05,1150.0,30.0,9.45,-inf,http://ocl.sai.msu.ru/catalog/sai_82/,248.8268904905479,-3.038274402540581
SAI 83,,118.3337,-32.5583,3.0,1.0,0.15,0.63,12.96,0.34,3900.0,660.0,8.85,0.05,http://ocl.sai.msu.ru/catalog/sai_83/,248.52956304171258,-2.593813731131836
SAI 84,Kronberger 85,119.59,-34.7692,2.0,1.17,0.19,0.64,14.65,0.11,8500.0,440.0,8.8,0.05,http://ocl.sai.msu.ru/catalog/sai_84/,250.96533512498456,-2.84169459852125
SAI 85,FSR 1378,120.2979,-40.6781,6.0,1.21,0.25,0.67,11.74,0.13,2230.0,140.0,8.8,0.05,http://ocl.sai.msu.ru/catalog/sai_85/,256.312198272614,-5.44809848493214
ESO 311-21,,120.4233,-41.5992,5.0,0.49,0.02,0.53,11.84,0.08,2330.0,90.0,10.1,0.05,http://ocl.sai.msu.ru/catalog/eso_311-21/,257.15121036863275,-5.848378754371141
Ruprecht 48,,120.6771,-32.0506,3.0,0.29,0.04,0.45,12.41,0.05,3030.0,70.0,8.6,-inf,http://ocl.sai.msu.ru/catalog/ruprecht_48/,249.1303911390457,-0.6393304847899509
SAI 86,,122.0625,-36.6092,6.0,0.69,0.09,0.61,12.41,0.16,3030.0,230.0,8.6,0.05,http://ocl.sai.msu.ru/catalog/sai_86/,253.59315633647736,-2.1173061901399457
SAI 87,FSR 1380,122.7708,-39.9975,4.0,1.28,0.3,0.69,11.8,0.19,2290.0,210.0,8.65,-inf,http://ocl.sai.msu.ru/catalog/sai_87/,256.743840046127,-3.4908777398937803
Ruprecht 54,,122.8404,-31.9436,2.0,0.35,0.04,0.58,12.71,0.27,3480.0,460.0,8.45,0.05,http://ocl.sai.msu.ru/catalog/ruprecht_54/,250.0300558498489,0.9631372608194847
SAI 88,,123.24,-41.8836,2.0,0.92,0.02,0.54,14.58,0.25,8240.0,1000.0,9.0,0.05,http://ocl.sai.msu.ru/catalog/sai_88/,258.5210623750706,-4.224893765764447
Ruprecht 60,,126.0958,-47.2103,4.0,0.57,0.06,0.58,12.84,0.11,3700.0,190.0,8.65,-inf,http://ocl.sai.msu.ru/catalog/ruprecht_60/,264.09468611450177,-5.514870204439885
SAI 89,FSR 1387,126.1054,-39.9364,3.0,1.19,0.11,0.58,11.82,0.18,2310.0,200.0,8.8,-inf,http://ocl.sai.msu.ru/catalog/sai_89/,258.1262698538126,-1.339827295914337
ESO 312-03,FSR 1394,126.1088,-41.2978,6.0,0.52,0.1,0.42,11.68,0.57,2170.0,650.0,8.9,-inf,http://ocl.sai.msu.ru/catalog/eso_312-03/,259.24204245421396,-2.120610498574009
ESO 312-04,,126.7133,-41.2442,2.0,0.49,0.01,0.53,11.91,0.11,2410.0,130.0,8.75,-inf,http://ocl.sai.msu.ru/catalog/eso_312-04/,259.4608446391902,-1.7187680069701785
SAI 90,,126.9954,-41.7694,7.0,1.02,0.21,0.67,12.19,0.11,2740.0,140.0,9.05,0.05,http://ocl.sai.msu.ru/catalog/sai_90/,260.0112149620432,-1.8523746187378747
Ruprecht 63,,128.1725,-48.3058,6.0,0.54,0.04,0.57,12.13,0.08,2670.0,100.0,8.5,-inf,http://ocl.sai.msu.ru/catalog/ruprecht_63/,265.803848190473,-5.012712510992997
SAI 91,,129.2642,-50.0644,4.0,0.51,0.02,0.5,12.45,0.16,3090.0,240.0,8.8,0.05,http://ocl.sai.msu.ru/catalog/sai_91/,267.6499371834979,-5.48400600505034
SAI 92,FSR 1436,129.8938,-46.2983,5.0,0.39,0.1,0.67,10.99,0.17,1580.0,130.0,8.0,0.05,http://ocl.sai.msu.ru/catalog/sai_92/,264.8936528369647,-2.8755525032719578
SAI 93,FSR 1415,130.0913,-44.7336,3.0,1.87,0.35,0.65,12.74,0.06,3530.0,100.0,9.25,0.05,http://ocl.sai.msu.ru/catalog/sai_93/,263.7366587485988,-1.8120323165303058
Ruprecht 68,,131.1438,-35.9,10.0,0.39,0.05,0.6,11.49,0.08,1990.0,80.0,9.15,0.05,http://ocl.sai.msu.ru/catalog/ruprecht_68/,257.2639741520347,4.25716342587141
SAI 94,,131.1658,-46.2961,5.0,0.48,0.05,0.58,12.96,0.29,3910.0,560.0,9.1,0.1,http://ocl.sai.msu.ru/catalog/sai_94/,265.4324319340111,-2.180824904085956
SAI 95,FSR 1454,132.7525,-48.4603,5.0,0.57,0.03,0.56,13.96,0.05,6200.0,140.0,9.15,0.05,http://ocl.sai.msu.ru/catalog/sai_95/,267.793510477077,-2.7033153215417607
ESO 211-03,FSR 1463,132.8929,-50.2453,5.0,0.9,0.07,0.58,12.88,0.04,3770.0,70.0,9.05,0.1,http://ocl.sai.msu.ru/catalog/eso_211-03/,269.23244001437956,-3.766669138332535
SAI 96,FSR 1430,132.9558,-44.2631,4.0,2.5,0.33,0.62,12.27,0.33,2840.0,470.0,8.85,0.05,http://ocl.sai.msu.ru/catalog/sai_96/,264.64534403906475,0.07739214315534074
SAI 97,FSR 1432,133.2221,-44.2017,4.0,,,,,,,,,,http://ocl.sai.msu.ru/catalog/sai_97/,264.7201112896602,0.2633696325635287
SAI 98,FSR 1435,134.2625,-43.7611,6.0,1.06,0.06,0.57,10.27,0.3,1130.0,170.0,9.75,0.1,http://ocl.sai.msu.ru/catalog/sai_98/,264.86672288115926,1.119567301898913
SAI 99,,134.5183,-43.4106,5.0,1.84,0.49,0.72,12.6,0.04,3310.0,60.0,8.95,0.05,http://ocl.sai.msu.ru/catalog/sai_99/,264.7214153067031,1.4884544269998687
SAI 100,FSR 1450,134.5508,-46.2886,3.0,1.62,0.08,0.56,13.65,0.08,5370.0,200.0,9.1,0.15,http://ocl.sai.msu.ru/catalog/sai_100/,266.91669691545843,-0.3730056963986339
SAI 101,,134.5933,-43.1264,5.0,1.56,0.04,0.52,11.09,0.05,1650.0,40.0,9.0,-inf,http://ocl.sai.msu.ru/catalog/sai_101/,264.5417022752631,1.715347598306273
SAI 102,FSR 1402,136.43,-37.8681,4.0,0.08,0.04,0.33,12.03,0.29,2550.0,360.0,9.6,0.05,http://ocl.sai.msu.ru/catalog/sai_102/,261.5047540196702,6.234433765373547
SAI 103,FSR 1460,136.9104,-47.8336,7.0,1.31,0.2,0.49,11.3,0.7,1800.0,700.0,9.3,0.7,http://ocl.sai.msu.ru/catalog/sai_103/,269.13915014534615,-0.19779170368371976
SAI 104,,137.4783,-48.8508,3.0,1.17,0.11,0.59,9.59,0.14,830.0,55.0,8.9,-inf,http://ocl.sai.msu.ru/catalog/sai_104/,270.1427192382646,-0.6101820568429935
SAI 105,,137.6021,-49.9128,4.0,1.91,0.31,0.64,12.35,0.13,2950.0,180.0,9.05,0.05,http://ocl.sai.msu.ru/catalog/sai_105/,270.9751021530293,-1.2747666165213831
SAI 106,,139.4975,-51.0294,5.0,1.02,0.02,0.53,13.56,0.1,5152.0,240.0,9.35,0.05,http://ocl.sai.msu.ru/catalog/sai_106/,272.61609162235897,-1.1739875762188516
SAI 107,Teutsch 103,142.1492,-46.6,3.0,0.62,0.06,0.5,12.23,0.38,2790.0,530.0,8.75,-inf,http://ocl.sai.msu.ru/catalog/sai_107/,270.7501272209992,3.2057109837352775
SAI 108,,144.7204,-52.9578,6.0,0.66,0.02,0.55,12.32,0.08,2910.0,110.0,8.5,0.05,http://ocl.sai.msu.ru/catalog/sai_108/,276.2742817974364,-0.3545941321419068
SAI 109,,145.8933,-50.7925,5.0,0.23,0.04,0.46,14.43,0.5,7690.0,2000.0,9.2,0.2,http://ocl.sai.msu.ru/catalog/sai_109/,275.39804080900217,1.7536993291414575
SAI 110,FSR 1509,147.0033,-55.0669,2.0,1.17,0.13,0.61,11.59,0.05,2080.0,50.0,8.75,0.05,http://ocl.sai.msu.ru/catalog/sai_110/,278.66541180712267,-1.0824455160050532
SAI 111,FSR 1521,148.8442,-56.6042,8.0,0.9,0.17,0.66,13.0,0.3,3980.0,590.0,9.45,0.1,http://ocl.sai.msu.ru/catalog/sai_111/,280.43626235437785,-1.6277375830176466
SAI 112,,155.3537,-59.0928,2.0,1.0,0.02,0.52,14.3,0.15,7240.0,520.0,9.1,0.1,http://ocl.sai.msu.ru/catalog/sai_112/,284.7003311470659,-1.6381702783357157
SAI 113,,155.6817,-59.5056,2.0,,,,,,,,,,http://ocl.sai.msu.ru/catalog/sai_113/,285.06439137863043,-1.8951381693342086
SAI 114,FSR 1555,162.2321,-59.0494,3.0,0.76,0.05,0.49,13.4,0.3,4790.0,710.0,9.25,0.1,http://ocl.sai.msu.ru/catalog/sai_114/,287.7424480505314,0.16103351043325115
Trumpler 19,,168.5842,-57.5511,14.0,0.08,0.01,0.57,11.4,0.05,1900.0,50.0,9.65,0.05,http://ocl.sai.msu.ru/catalog/trumpler_19/,290.1719197170711,2.895092424996785
SAI 115,FSR 1586,170.6871,-62.3183,5.0,1.6,0.29,0.67,11.92,0.2,2420.0,230.0,8.65,0.1,http://ocl.sai.msu.ru/catalog/sai_115/,292.83229333962913,-1.1983923471980171
SAI 116,,177.325,-62.2297,5.0,0.98,0.08,0.57,11.72,0.17,2200.0,180.0,8.6,0.05,http://ocl.sai.msu.ru/catalog/sai_116/,295.76358657903563,-0.22589038747961634
BH 131,,186.5571,-63.4139,5.0,0.62,0.04,0.57,13.98,0.22,6250.0,670.0,9.1,0.1,http://ocl.sai.msu.ru/catalog/bh_131/,300.1156977802025,-0.6800832151279315
SAI 117,FSR 1663,205.2688,-60.2075,4.0,1.01,0.16,0.63,11.66,0.25,2150.0,260.0,8.9,0.05,http://ocl.sai.msu.ru/catalog/sai_117/,309.06524323089883,2.0718181150975585
SAI 118,,205.7658,-63.1647,8.0,0.17,0.21,0.55,10.28,0.62,1140.0,370.0,9.75,0.25,http://ocl.sai.msu.ru/catalog/sai_118/,308.7195559290024,-0.8745354063822549
SAI 119,FSR 1662,206.0592,-62.0675,2.0,,,,,,,,,,http://ocl.sai.msu.ru/catalog/sai_119/,309.0723106364383,0.17314041180627857
SAI 120,,209.675,-61.6689,2.0,1.99,0.3,0.63,12.03,0.21,2550.0,260.0,8.75,0.1,http://ocl.sai.msu.ru/catalog/sai_120/,310.8228899266876,0.16802384180661478
SAI 121,FSR 1686,220.0283,-60.3869,5.0,1.48,0.23,0.64,13.02,0.16,4020.0,300.0,8.95,0.05,http://ocl.sai.msu.ru/catalog/sai_121/,315.9721166670465,-0.29609906671932684
SAI 122,,225.0163,-58.8036,8.0,2.26,0.43,0.65,11.12,0.04,1670.0,30.0,8.25,0.15,http://ocl.sai.msu.ru/catalog/sai_122/,318.93478222308136,0.012864108094660747
SAI 123,,242.0725,-50.535,7.0,1.35,0.18,0.61,11.35,0.18,1860.0,160.0,9.2,0.05,http://ocl.sai.msu.ru/catalog/sai_123/,331.7035282505787,1.0030586334560367
SAI 124,FSR 1744,252.8992,-42.4297,3.0,2.58,0.34,0.61,12.48,0.26,3130.0,400.0,8.85,0.2,http://ocl.sai.msu.ru/catalog/sai_124/,342.6944658472804,1.1696413211638934
SAI 125,FSR 31,271.6158,-21.3908,5.0,,,,,,,,,,http://ocl.sai.msu.ru/catalog/sai_125/,8.890838525196015,-0.2711150972935764
SAI 126,,273.3612,-17.8803,3.0,,,,,,,,,,http://ocl.sai.msu.ru/catalog/sai_126/,12.758450366772216,-0.013175394783449798
SAI 127,FSR 124,286.72,13.2456,4.0,0.98,0.12,0.6,11.56,0.41,2050.0,430.0,9.1,0.05,http://ocl.sai.msu.ru/catalog/sai_127/,46.467682328365925,2.6451790690076225
SAI 128,FSR 133,292.4454,15.5642,6.0,2.26,0.45,0.66,11.59,0.12,2080.0,120.0,8.35,0.05,http://ocl.sai.msu.ru/catalog/sai_128/,51.1125581442712,-1.170247805696776
SAI 129,FSR 160,296.1846,26.9022,3.0,1.42,0.05,0.56,14.38,0.3,7520.0,1110.0,8.95,0.05,http://ocl.sai.msu.ru/catalog/sai_129/,62.70381698052729,1.3405826605903453
SAI 130,FSR 158,296.9921,26.0319,8.0,1.17,0.04,0.65,12.78,0.11,3600.0,190.0,8.3,-inf,http://ocl.sai.msu.ru/catalog/sai_130/,62.31440856007044,0.2783516858250769
SAI 131,FSR 154,297.0033,23.3481,3.0,0.7,0.13,0.53,12.23,0.05,2790.0,70.0,9.05,0.05,http://ocl.sai.msu.ru/catalog/sai_131/,60.00312448216497,-1.0859685473832348
SAI 132,,299.2563,31.6086,8.0,0.94,0.09,0.59,12.28,0.06,2860.0,80.0,8.75,0.05,http://ocl.sai.msu.ru/catalog/sai_132/,68.11974945911038,1.4339814508062114
SAI 133,Kronberger 69,300.4946,31.4383,4.0,1.8,0.05,0.61,13.94,0.16,6140.0,470.0,7.85,0.05,http://ocl.sai.msu.ru/catalog/sai_133/,68.52896282295166,0.4461617187965548
SAI 134,FSR 198,300.6117,35.6761,4.0,,,,,,,,,,http://ocl.sai.msu.ru/catalog/sai_134/,72.17680983310804,2.6078061474812437
SAI 135,,300.7329,24.5547,5.0,1.34,0.29,0.68,12.89,0.06,3780.0,110.0,9.1,0.05,http://ocl.sai.msu.ru/catalog/sai_135/,62.79992357490886,-3.38006079493453
SAI 136,Kronberger 36,301.1488,35.2175,6.0,0.76,0.18,0.68,11.4,0.26,1900.0,240.0,8.4,-inf,http://ocl.sai.msu.ru/catalog/sai_136/,72.02083202426994,1.9934186269338272
SAI 137,,312.4692,41.255,6.0,0.89,0.08,0.58,10.12,0.24,1060.0,120.0,8.7,-inf,http://ocl.sai.msu.ru/catalog/sai_137/,82.09561007779463,-1.7135733339565915
Berkeley 53,,313.9804,51.0483,10.0,1.31,0.2,0.59,12.74,0.13,3530.0,220.0,9.15,0.05,http://ocl.sai.msu.ru/catalog/berkeley_53/,90.29304795257163,3.7515528866283923
SAI 138,FSR 275,314.1792,46.8875,10.0,0.76,0.05,0.57,11.98,0.11,2490.0,130.0,9.25,0.05,http://ocl.sai.msu.ru/catalog/sai_138/,87.20487238941057,0.9568406387361807
SAI 139,Teutsch 22,315.42,44.1119,2.0,0.86,0.13,0.63,12.16,0.33,2700.0,440.0,8.55,0.05,http://ocl.sai.msu.ru/catalog/sai_139/,85.67828595198377,-1.5189725695926708
SAI 140,FSR 282,315.5838,48.1072,4.0,0.78,0.01,0.53,11.79,0.12,2280.0,130.0,9.05,0.05,http://ocl.sai.msu.ru/catalog/sai_140/,88.74815234041027,1.0409000718989267
SAI 142,Teutsch 156,315.9446,47.215,3.0,0.94,0.04,0.6,12.97,0.22,3930.0,420.0,8.95,0.05,http://ocl.sai.msu.ru/catalog/sai_142/,88.24288743279541,0.2664256186407353
SAI 141,,315.9454,46.9806,3.0,0.94,0.04,0.6,13.47,0.16,4940.0,380.0,8.6,0.05,http://ocl.sai.msu.ru/catalog/sai_141/,88.0684603395676,0.10983956339094851
SAI 143,,317.7142,50.3086,3.0,1.72,0.24,0.62,14.07,0.17,6520.0,530.0,9.25,0.05,http://ocl.sai.msu.ru/catalog/sai_143/,91.31359925436048,1.4922807831699059
SAI 144,Teutsch 74,326.4317,58.0842,4.0,1.05,0.17,0.64,12.12,0.53,2650.0,730.0,9.05,0.05,http://ocl.sai.msu.ru/catalog/sai_144/,100.36374580062115,3.5971995697236343
SAI 145,FSR 336,327.6979,55.2753,8.0,0.55,0.09,0.54,11.67,0.37,2160.0,400.0,8.9,0.05,http://ocl.sai.msu.ru/catalog/sai_145/,99.10427623073676,0.9915376461372091
SAI 146,FSR 342,331.9108,53.1025,8.0,0.27,0.01,0.56,11.52,0.47,2010.0,490.0,9.05,0.05,http://ocl.sai.msu.ru/catalog/sai_146/,99.74197736268806,-2.230914898807366
NGC 7245,,333.7958,54.3433,7.0,0.43,0.03,,12.65,0.13,3390.0,210.0,8.5,0.1,http://ocl.sai.msu.ru/catalog/ngc_7245/,101.36773717485072,-1.8521808834635884
NGC 7261,,335.0282,58.1279,7.0,0.88,0.09,,12.26,0.12,2830.0,160.0,8.2,0.05,http://ocl.sai.msu.ru/catalog/ngc_7261/,104.0329980243126,0.9207697957320049
NGC 7296,,337.0021,52.3226,8.0,0.24,0.03,,11.95,0.16,2450.0,190.0,8.45,0.05,http://ocl.sai.msu.ru/catalog/ngc_7296/,101.88196508101547,-4.587625300279996
Berkeley 96,,337.4548,55.3965,3.0,0.54,0.03,,12.51,0.28,3180.0,440.0,7.6,0.05,http://ocl.sai.msu.ru/catalog/berkeley_96/,103.70993174140392,-2.099561009435121
Berkeley 97,,339.8658,58.9973,4.0,0.77,0.06,,11.91,0.19,2410.0,220.0,8.4,0.05,http://ocl.sai.msu.ru/catalog/berkeley_97/,106.6424831316115,0.36427359382244223
King 18,,343.0042,58.2933,8.0,0.69,0.04,,12.39,0.21,3010.0,300.0,8.1,0.05,http://ocl.sai.msu.ru/catalog/king_18/,107.76237599347391,-1.0168545315207578
SAI 147,FSR 394,343.77,58.7147,5.0,0.7,0.04,0.51,13.73,0.21,5570.0,570.0,9.4,0.05,http://ocl.sai.msu.ru/catalog/sai_147/,108.30666332949666,-0.8132275168464675
King 19,,347.0608,60.5064,7.0,0.69,0.08,,12.1,0.24,2630.0,310.0,8.75,0.1,http://ocl.sai.msu.ru/catalog/king_19/,110.55944935501236,0.13756752786021786
SAI 148,FSR 430,348.8729,64.1661,5.0,1.08,0.2,0.66,11.93,0.05,2430.0,60.0,8.05,0.05,http://ocl.sai.msu.ru/catalog/sai_148/,112.71199742602612,3.214893412287233
King 20,,353.3,58.4747,10.0,0.77,0.05,,11.22,0.09,1750.0,80.0,8.2,0.05,http://ocl.sai.msu.ru/catalog/king_20/,112.83764624444515,-2.855327065146273
SAI 149,,354.5071,60.5492,7.0,1.29,0.3,0.69,11.87,0.07,2370.0,80.0,8.2,-inf,http://ocl.sai.msu.ru/catalog/sai_149/,114.02469413791283,-1.0467679858520444
SAI 150,FSR 441,355.495,58.5414,5.0,0.78,0.14,0.64,11.84,0.04,2330.0,40.0,8.55,0.05,http://ocl.sai.msu.ru/catalog/sai_150/,113.95795193211103,-3.1149276186045456
SAI 151,FSR 465,357.7271,66.1803,5.0,0.78,0.04,0.51,13.6,0.1,5250.0,250.0,9.2,0.05,http://ocl.sai.msu.ru/catalog/sai_151/,116.86510696542777,4.024107759441543
King 12,,358.2534,61.9458,5.0,0.51,0.05,,11.98,0.15,2490.0,180.0,7.85,0.05,http://ocl.sai.msu.ru/catalog/king_12/,116.12069625766712,-0.15086295273823802
NGC 7788,,359.1564,61.4004,4.0,0.49,0.02,,12.2,0.17,2750.0,220.0,8.2,0.05,http://ocl.sai.msu.ru/catalog/ngc_7788/,116.42020600822232,-0.7764298313252388
SAI 152,FSR 469,359.2683,65.4144,1.0,,,,,,,,,,http://ocl.sai.msu.ru/catalog/sai_152/,117.3127533640581,3.1374811624025005
SAI 153,FSR 460,359.7792,60.6778,7.0,0.86,0.19,0.69,13.45,0.09,4900.0,210.0,9.2,0.05,http://ocl.sai.msu.ru/catalog/sai_153/,116.56634598405199,-1.5456712095154683
